FEATURE_ID,APN_both,APN_total_reads,BOTH_EXACT,BOTH_INEXACT_EQUAL,SAM_A_EXACT_SAM_B_INEXACT,SAM_A_INEXACT_BETTER,SAM_A_ONLY_EXACT,SAM_A_ONLY_SINGLE_INEXACT,SAM_B_EXACT_SAM_A_INEXACT,SAM_B_INEXACT_BETTER,SAM_B_ONLY_EXACT,SAM_B_ONLY_SINGLE_INEXACT
l(1)G0196,23.524358098213416,29.194571902762863,1723,3297,289,382,0,20,241,276,0,2
CG10932,9.143530104519359,10.429559841012807,271,376,11,18,0,0,17,45,0,0
CG8920,71.88686868686868,90.31111111111112,433,679,69,94,0,0,60,62,0,0
Mapmodulin,26.183313345896863,29.160185026554736,531,1061,55,91,0,0,16,19,0,0
