FEATURE_ID,APN_both,APN_total_reads,BOTH_EXACT,BOTH_INEXACT_EQUAL,SAM_A_EXACT_SAM_B_INEXACT,SAM_A_INEXACT_BETTER,SAM_A_ONLY_EXACT,SAM_A_ONLY_SINGLE_INEXACT,SAM_B_EXACT_SAM_A_INEXACT,SAM_B_INEXACT_BETTER,SAM_B_ONLY_EXACT,SAM_B_ONLY_SINGLE_INEXACT
l(1)G0196,35.06160304598262,43.904324904813045,2598,4884,423,633,0,19,368,440,0,4
CG10932,13.001619313999706,15.305167083762697,367,553,17,21,0,0,46,79,0,0
CG8920,121.6,145.58383838383838,688,1193,97,140,0,0,52,82,0,0
Mapmodulin,39.57101250642453,43.6662669179373,833,1573,65,133,0,0,24,27,0,0
