FEATURE_ID,APN_both,APN_total_reads,BOTH_EXACT,BOTH_INEXACT_EQUAL,SAM_A_EXACT_SAM_B_INEXACT,SAM_A_INEXACT_BETTER,SAM_A_ONLY_EXACT,SAM_A_ONLY_SINGLE_INEXACT,SAM_B_EXACT_SAM_A_INEXACT,SAM_B_INEXACT_BETTER,SAM_B_ONLY_EXACT,SAM_B_ONLY_SINGLE_INEXACT
l(1)G0196,12.282339158449673,15.24397149272674,1058,1563,175,207,0,9,121,119,0,1
CG10932,3.434123362284705,3.801560429854262,96,147,4,1,0,0,4,17,0,0
CG8920,38.723232323232324,46.73939393939394,273,326,34,40,0,0,20,30,0,0
Mapmodulin,19.91708069213637,21.87425047113243,535,676,25,73,0,0,8,13,0,0
