FEATURE_ID,APN_both,APN_total_reads,BOTH_EXACT,BOTH_INEXACT_EQUAL,SAM_A_EXACT_SAM_B_INEXACT,SAM_A_INEXACT_BETTER,SAM_A_ONLY_EXACT,SAM_A_ONLY_SINGLE_INEXACT,SAM_B_EXACT_SAM_A_INEXACT,SAM_B_INEXACT_BETTER,SAM_B_ONLY_EXACT,SAM_B_ONLY_SINGLE_INEXACT
l(1)G0196,57.170750756614275,71.45875231865665,4354,7846,786,1059,0,39,521,640,0,4
CG10932,19.700279699690856,23.00721330781687,525,869,48,52,0,0,32,102,0,0
CG8920,170.2141414141414,209.26060606060605,1094,1539,144,200,0,3,95,161,0,1
Mapmodulin,63.155730683570326,70.73770772657187,1363,2477,140,253,0,1,30,37,0,0
