FEATURE_ID,APN_both,APN_total_reads,BOTH_EXACT,BOTH_INEXACT_EQUAL,SAM_A_EXACT_SAM_B_INEXACT,SAM_A_INEXACT_BETTER,SAM_A_ONLY_EXACT,SAM_A_ONLY_SINGLE_INEXACT,SAM_B_EXACT_SAM_A_INEXACT,SAM_B_INEXACT_BETTER,SAM_B_ONLY_EXACT,SAM_B_ONLY_SINGLE_INEXACT
l(1)G0196,10.29073513619057,12.769696378014254,721,1475,120,173,0,2,96,136,0,2
CG10932,4.3527160312085975,5.087590166347711,123,185,5,8,0,0,8,31,0,0
CG8920,32.323232323232325,39.62828282828283,207,293,31,62,0,0,8,12,0,0
Mapmodulin,13.371252355662156,14.999486037347953,285,528,32,51,0,0,3,13,0,0
