FEATURE_ID,APN_both,APN_total_reads,BOTH_EXACT,BOTH_INEXACT_EQUAL,SAM_A_EXACT_SAM_B_INEXACT,SAM_A_INEXACT_BETTER,SAM_A_ONLY_EXACT,SAM_A_ONLY_SINGLE_INEXACT,SAM_B_EXACT_SAM_A_INEXACT,SAM_B_INEXACT_BETTER,SAM_B_ONLY_EXACT,SAM_B_ONLY_SINGLE_INEXACT
l(1)G0196,21.453089915063945,26.926486380943082,1816,2762,280,333,0,15,237,302,0,1
CG10932,7.659649639334609,9.044604740173709,205,337,17,26,0,1,18,36,0,0
CG8920,60.25050505050505,75.95959595959596,413,519,69,111,0,0,20,43,0,0
Mapmodulin,39.07760836045914,42.89326708925818,934,1442,70,122,0,0,18,22,0,0
